{"n_quantiles": 64, "noise_quantile_tables": [[-0.6044269913434982, -0.39704888027338753, -0.3483103878725142, -0.3158272690751723, -0.29082571896059173, -0.2698179061249608, -0.2512423413885491, -0.23473736936847367, -0.2196101703707661, -0.2054846623912454, -0.19242078232800683, -0.18009552031400658, -0.1682266170957259, -0.15696594660303423, -0.14605006768057743, -0.1356019815323608, -0.12538473308086395, -0.11561630455954455, -0.10582268693883504, -0.09647610723706229, -0.08729940567963891, -0.07826361414045095, -0.06926540250047332, -0.06051503031115448, -0.05188503232784572, -0.04331229803861963, -0.034982003226787566, -0.026619663062904583, -0.018304327962299225, -0.010012517397158914, -0.0016319023910909916, 0.0, 0.00016319023910909918, 0.0022540201845445496, 0.010524759676662228, 0.018795694134508538, 0.02707182645265544, 0.035508426146226985, 0.04405955852807633, 0.05252531875324036, 0.061212649280205374, 0.06997335691803268, 0.0788267278485, 0.08784390079833197, 0.09696586221633927, 0.10640439742377826, 0.11600392810202073, 0.1258866888320162, 0.13602147284895183, 0.14650636923809843, 0.15751299081104142, 0.16873485770076513, 0.18057677859529142, 0.19278753863204093, 0.20603086493377176, 0.21983543112341844, 0.235108691478769, 0.25158116972872185, 0.26988413266128014, 0.29096765354985277, 0.31611934254212054, 0.34823927516738573, 0.39591608239426557, 0.6024846805632068], [-0.6957464356720447, -0.4779093113470645, -0.422815309142073, -0.3846650879830122, -0.35540083050727844, -0.3310357565681139, -0.3095410466194153, -0.2896585524578889, -0.27152520061603613, -0.25429314374923706, -0.2385193582801592, -0.2232282708532044, -0.20864941229777678, -0.19487560607492926, -0.1812492794667681, -0.16848686927663425, -0.1559564173221588, -0.14399313926696777, -0.13231421761746917, -0.12065474305390603, -0.10928238062099334, -0.09795747697353363, -0.08679498732089996, -0.07580170780420303, -0.0649886205792427, -0.054267233185292744, -0.043621813122715306, -0.03313124803160983, -0.022710908991284678, -0.01250182194635279, -0.002428584112619452, 0.0, 0.00024285841126194522, 0.002436050618333376, 0.012477809982374303, 0.022765241009183184, 0.0328268499659108, 0.04319573938846588, 0.05382316388544595, 0.06449711193729718, 0.07520153864685979, 0.08586756806111039, 0.09694613441824912, 0.10830920189619064, 0.11967513710260391, 0.13152587742677757, 0.14323196663920376, 0.1551183653339034, 0.16747070848941803, 0.18028385781993456, 0.1936466540342995, 0.20739054679870605, 0.22199144959449768, 0.23740446159882206, 0.2534130055989538, 0.27049228598319347, 0.28898647089799245, 0.30909621299377493, 0.3307570257747457, 0.35505902873618245, 0.3841426964423486, 0.4221444289953935, 0.47844205311366494, 0.6957150435447482], [-0.6022539554536342, -0.3965216793616613, -0.3493580197436469, -0.3171626519518239, -0.2922223770547481, -0.2713045728561424, -0.2531093928643635, -0.23672644092390935, -0.2216155182446043, -0.2075382815141764, -0.1943975659850098, -0.18183333242578167, -0.16989176405859846, -0.1587160074639888, -0.14782469179481267, -0.13728767498795474, -0.12713238008142938, -0.11718647862917611, -0.1075457252482219, -0.0979953245038078, -0.08868608943674536, -0.0797368068061769, -0.07082403422111556, -0.06192647448696551, -0.053233851958066236, -0.044617897206030474, -0.03600969117445251, -0.027481195596711982, -0.018842212917904107, -0.010364610645254818, -0.0019484058671098761, 0.0, 0.00019484058671098763, 0.0019844649672242135, 0.010471923920946815, 0.018917850684374526, 0.027315798216898484, 0.035836133601676146, 0.04444045455993287, 0.053170687705278386, 0.06189128132049172, 0.07082408156068552, 0.07982014391571282, 0.08910406340977965, 0.09837838308885706, 0.10787582289427519, 0.11768941788535035, 0.12764381998174246, 0.1377506631985307, 0.14818410587807493, 0.1589174978044771, 0.1701807543741805, 0.18202467199769753, 0.19435400033280964, 0.20745271678481786, 0.22135233740011845, 0.23612864810973405, 0.2527139103093317, 0.2709272590492453, 0.29195030116963927, 0.31722547441720966, 0.3490622458677916, 0.3970841713143248, 0.6032923412322972], [-0.6005203506350517, -0.3972072898667483, -0.34881076291203494, -0.3168247263239963, -0.29192913660690895, -0.27126041343524343, -0.2532291873863765, -0.237063817816476, -0.22194098807339158, -0.20817699035895726, -0.1950127455237366, -0.18255827750478473, -0.17066076188747376, -0.15933991275550355, -0.14850590856124957, -0.13806958080402443, -0.12795801658005942, -0.11805057173683531, -0.10833663429266642, -0.0986655889788554, -0.08931141476546017, -0.08012730307877064, -0.0712227027934222, -0.06231469721932497, -0.053447285334446634, -0.044649464805566134, -0.03609601511132152, -0.027516625478331534, -0.018984048158551266, -0.010521024187827226, -0.002011486483804353, 0.0, 0.0002009244861713186, 0.002009244861713186, 0.01053631964549865, 0.01917469405879569, 0.02775314521177538, 0.036356710713977614, 0.045037762782137336, 0.05378996324725446, 0.06260203811295686, 0.07157471811221457, 0.08069891437888144, 0.08998995914168299, 0.09950711828700844, 0.10892658493880715, 0.11852752994745977, 0.1285076355313261, 0.1387384159330811, 0.1491921365881958, 0.16006662417912765, 0.17134878589638639, 0.18315877861742455, 0.19545556265151218, 0.20856602412781547, 0.22237492612252627, 0.23747418156514566, 0.2535620391688175, 0.27176425248029684, 0.292697732664999, 0.3173826266293015, 0.34950423923986296, 0.39726705065085777, 0.6039044608175596], [-0.6020125110447406, -0.397256234309503, -0.3487060433023032, -0.3168364862033299, -0.29210244427834237, -0.27151926878662336, -0.2535589284556252, -0.23723584908992051, -0.22232170348011315, -0.20827809045357368, -0.19524172885786922, -0.18294612914501202, -0.17131527688354253, -0.16013846493370476, -0.1492029946297407, -0.13867266127041408, -0.12846326603421143, -0.1185704234322267, -0.10883484740342417, -0.0994502578063735, -0.09003535358501333, -0.0808707777224481, -0.07171929347461888, -0.06281699890093437, -0.05389546423352195, -0.04493803630982127, -0.03620051888970751, -0.02756042716692069, -0.018806541486022375, -0.010219008465563634, -0.0015730932150368763, 0.0, 0.00015730932150368764, 0.0025237458295720872, 0.011018272320229911, 0.019620711638902572, 0.028291534842657177, 0.03704039031861439, 0.04579179094926945, 0.0545905369600015, 0.06347048040213331, 0.07259909036524936, 0.08163050029426813, 0.0908687665056259, 0.10027784506036416, 0.10983283306871142, 0.11948051933553958, 0.12946717441082, 0.13959417176565955, 0.14997081160545345, 0.16074365302033367, 0.1718906805238553, 0.1836735527394783, 0.1959853754760254, 0.208763884886035, 0.222625194791527, 0.23746931192775567, 0.2533912643470933, 0.2717207634519962, 0.2920824456605172, 0.3165319797715971, 0.3485862715223006, 0.3964808774029926, 0.6012030401825713]],